"thumbborder src","tablescraper-selected-row","tablescraper-selected-row href","tablescraper-selected-row 2","tablescraper-selected-row 3","tablescraper-selected-row 4","tablescraper-selected-row 5","tablescraper-selected-row 6","tablescraper-selected-row 7","tablescraper-selected-row 8","tablescraper-selected-row 9","tablescraper-selected-row 10","tablescraper-selected-row 11"
"https://upload.wikimedia.org/wikipedia/commons/thumb/5/5c/Flag_of_the_Taliban.svg/23px-Flag_of_the_Taliban.svg.png","Afghanistan","https://en.wikipedia.org/wiki/Afghanistan","15,325","17,890","20,293","20,170","20,616","20,057","18,020","18,883","18,401","18,876"
"https://upload.wikimedia.org/wikipedia/commons/thumb/3/36/Flag_of_Albania.svg/21px-Flag_of_Albania.svg.png","Albania","https://en.wikipedia.org/wiki/Albania","11,937","12,899","12,324","12,784","13,246","11,389","11,862","13,053","15,157","15,399"
"https://upload.wikimedia.org/wikipedia/commons/thumb/7/77/Flag_of_Algeria.svg/23px-Flag_of_Algeria.svg.png","Algeria","https://en.wikipedia.org/wiki/Algeria","161,207","200,020","209,059","209,755","213,810","165,979","160,034","170,207","175,372","171,680"
"https://upload.wikimedia.org/wikipedia/commons/thumb/1/19/Flag_of_Andorra.svg/22px-Flag_of_Andorra.svg.png","Andorra","https://en.wikipedia.org/wiki/Andorra","3,446","3,625","3,189","3,193","3,267","2,789","2,895","2,993","3,217","3,155"
"https://upload.wikimedia.org/wikipedia/commons/thumb/9/9d/Flag_of_Angola.svg/23px-Flag_of_Angola.svg.png","Angola","https://en.wikipedia.org/wiki/Angola","83,799","111,790","128,053","136,710","145,712","116,194","101,124","122,022","101,353","84,516"
"https://upload.wikimedia.org/wikipedia/commons/thumb/8/89/Flag_of_Antigua_and_Barbuda.svg/23px-Flag_of_Antigua_and_Barbuda.svg.png","Antigua and Barbuda","https://en.wikipedia.org/wiki/Antigua_and_Barbuda","1,149","1,138","1,200","1,181","1,250","1,337","1,437","1,468","1,606","1,688"
"https://upload.wikimedia.org/wikipedia/commons/thumb/1/1a/Flag_of_Argentina.svg/23px-Flag_of_Argentina.svg.png","Argentina","https://en.wikipedia.org/wiki/Argentina","424,729","527,644","579,666","611,471","563,614","642,464","556,774","643,861","524,431","451,815"
"https://upload.wikimedia.org/wikipedia/commons/thumb/2/2f/Flag_of_Armenia.svg/23px-Flag_of_Armenia.svg.png","Armenia","https://en.wikipedia.org/wiki/Armenia","9,260","10,142","10,619","11,121","11,610","10,553","10,546","11,527","12,458","13,619"
"https://upload.wikimedia.org/wikipedia/commons/thumb/f/f6/Flag_of_Aruba.svg/23px-Flag_of_Aruba.svg.png","Aruba","https://en.wikipedia.org/wiki/Aruba","2,454","2,638","2,615","2,728","2,791","2,963","2,984","3,092","3,202","3,369"
"https://upload.wikimedia.org/wikipedia/commons/thumb/8/88/Flag_of_Australia_%28converted%29.svg/23px-Flag_of_Australia_%28converted%29.svg.png","Australia","https://en.wikipedia.org/wiki/Australia","1,253,606","1,514,658","1,569,221","1,518,966","1,456,432","1,233,112","1,263,833","1,381,986","1,416,818","1,386,697"
"https://upload.wikimedia.org/wikipedia/commons/thumb/4/41/Flag_of_Austria.svg/23px-Flag_of_Austria.svg.png","Austria","https://en.wikipedia.org/wiki/Austria","392,595","431,609","409,661","430,197","442,699","382,010","395,728","417,114","455,374","445,061"
"https://upload.wikimedia.org/wikipedia/commons/thumb/d/dd/Flag_of_Azerbaijan.svg/23px-Flag_of_Azerbaijan.svg.png","Azerbaijan","https://en.wikipedia.org/wiki/Azerbaijan","52,913","65,990","69,687","74,160","75,240","50,844","37,830","41,375","47,113","48,174"
"https://upload.wikimedia.org/wikipedia/commons/thumb/9/93/Flag_of_the_Bahamas.svg/23px-Flag_of_the_Bahamas.svg.png","Bahamas","https://en.wikipedia.org/wiki/The_Bahamas","10,096","10,070","10,720","10,563","11,176","11,862","11,835","12,358","12,756","13,193"
"https://upload.wikimedia.org/wikipedia/commons/thumb/2/2c/Flag_of_Bahrain.svg/23px-Flag_of_Bahrain.svg.png","Bahrain","https://en.wikipedia.org/wiki/Bahrain","25,713","28,777","30,749","32,539","33,388","31,051","32,235","35,474","37,802","38,653"
"https://upload.wikimedia.org/wikipedia/commons/thumb/f/f9/Flag_of_Bangladesh.svg/23px-Flag_of_Bangladesh.svg.png","Bangladesh","https://en.wikipedia.org/wiki/Bangladesh","138,094","154,097","159,749","179,676","207,102","233,687","265,236","293,755","321,379","351,238"
"https://upload.wikimedia.org/wikipedia/commons/thumb/e/ef/Flag_of_Barbados.svg/23px-Flag_of_Barbados.svg.png","Barbados","https://en.wikipedia.org/wiki/Barbados","4,530","4,658","4,610","4,677","4,696","4,715","4,830","4,978","5,087","5,298"
"https://upload.wikimedia.org/wikipedia/commons/thumb/8/85/Flag_of_Belarus.svg/23px-Flag_of_Belarus.svg.png","Belarus","https://en.wikipedia.org/wiki/Belarus","57,220","61,368","65,669","75,496","78,736","56,329","47,703","54,723","60,011","64,414"
"https://upload.wikimedia.org/wikipedia/commons/thumb/9/92/Flag_of_Belgium_%28civil%29.svg/23px-Flag_of_Belgium_%28civil%29.svg.png","Belgium","https://en.wikipedia.org/wiki/Belgium","481,814","523,239","496,467","521,799","535,529","462,383","475,931","502,587","543,593","535,437"
"https://upload.wikimedia.org/wikipedia/commons/thumb/e/e7/Flag_of_Belize.svg/23px-Flag_of_Belize.svg.png","Belize","https://en.wikipedia.org/wiki/Belize","1,735","1,814","1,901","2,035","2,139","2,199","2,228","2,263","2,273","2,371"
"https://upload.wikimedia.org/wikipedia/commons/thumb/0/0a/Flag_of_Benin.svg/23px-Flag_of_Benin.svg.png","Benin","https://en.wikipedia.org/wiki/Benin","9,543","10,691","11,148","12,518","13,288","11,389","11,818","12,697","14,257","14,392"
"https://upload.wikimedia.org/wikipedia/commons/thumb/9/91/Flag_of_Bhutan.svg/23px-Flag_of_Bhutan.svg.png","Bhutan","https://en.wikipedia.org/wiki/Bhutan","1,399","1,695","1,772","1,806","1,784","1,974","2,064","2,294","2,509","2,452"
"https://upload.wikimedia.org/wikipedia/commons/thumb/b/b3/Bandera_de_Bolivia_%28Estado%29.svg/22px-Bandera_de_Bolivia_%28Estado%29.svg.png","Bolivia","https://en.wikipedia.org/wiki/Bolivia","19,786","24,135","27,282","30,883","33,237","33,241","34,189","37,782","40,581","41,193"
"https://upload.wikimedia.org/wikipedia/commons/thumb/b/bf/Flag_of_Bosnia_and_Herzegovina.svg/23px-Flag_of_Bosnia_and_Herzegovina.svg.png","Bosnia and Herzegovina","https://en.wikipedia.org/wiki/Bosnia_and_Herzegovina","17,164","18,629","17,207","18,155","18,522","16,210","16,910","18,081","20,184","20,203"
"https://upload.wikimedia.org/wikipedia/commons/thumb/f/fa/Flag_of_Botswana.svg/23px-Flag_of_Botswana.svg.png","Botswana","https://en.wikipedia.org/wiki/Botswana","12,637","15,111","13,907","14,272","15,470","13,531","15,083","16,105","17,032","16,696"
"https://upload.wikimedia.org/wikipedia/en/thumb/0/05/Flag_of_Brazil.svg/22px-Flag_of_Brazil.svg.png","Brazil","https://en.wikipedia.org/wiki/Brazil","2,208,704","2,614,027","2,464,054","2,471,718","2,456,054","1,800,045","1,796,622","2,063,519","1,916,934","1,873,286"
"https://upload.wikimedia.org/wikipedia/commons/thumb/9/9c/Flag_of_Brunei.svg/23px-Flag_of_Brunei.svg.png","Brunei","https://en.wikipedia.org/wiki/Brunei","13,707","18,525","19,048","18,094","17,098","12,930","11,400","12,128","13,567","13,469"
"https://upload.wikimedia.org/wikipedia/commons/thumb/9/9a/Flag_of_Bulgaria.svg/23px-Flag_of_Bulgaria.svg.png","Bulgaria","https://en.wikipedia.org/wiki/Bulgaria","50,683","57,680","54,299","55,812","57,082","50,782","53,949","59,322","66,428","68,919"
"https://upload.wikimedia.org/wikipedia/commons/thumb/3/31/Flag_of_Burkina_Faso.svg/23px-Flag_of_Burkina_Faso.svg.png","Burkina Faso","https://en.wikipedia.org/wiki/Burkina_Faso","10,118","12,078","12,569","13,444","13,947","11,833","12,830","14,102","16,067","15,991"
"https://upload.wikimedia.org/wikipedia/commons/thumb/5/50/Flag_of_Burundi.svg/23px-Flag_of_Burundi.svg.png","Burundi","https://en.wikipedia.org/wiki/Burundi","2,032","2,236","2,333","2,456","2,706","3,104","2,960","3,172","3,037","3,012"
"https://upload.wikimedia.org/wikipedia/commons/thumb/3/38/Flag_of_Cape_Verde.svg/23px-Flag_of_Cape_Verde.svg.png","Cape Verde","https://en.wikipedia.org/wiki/Cape_Verde","1,664","1,866","1,742","1,850","1,860","1,597","1,663","1,770","2,155","2,172"
"https://upload.wikimedia.org/wikipedia/commons/thumb/8/83/Flag_of_Cambodia.svg/23px-Flag_of_Cambodia.svg.png","Cambodia","https://en.wikipedia.org/wiki/Cambodia","11,232","12,817","14,056","15,227","16,702","18,082","20,043","22,206","24,598","27,087"
"https://upload.wikimedia.org/wikipedia/commons/thumb/4/4f/Flag_of_Cameroon.svg/23px-Flag_of_Cameroon.svg.png","Cameroon","https://en.wikipedia.org/wiki/Cameroon","27,530","30,626","30,174","33,729","36,396","32,213","33,805","36,086","39,992","39,673"
"https://upload.wikimedia.org/wikipedia/commons/thumb/d/d9/Flag_of_Canada_%28Pantone%29.svg/23px-Flag_of_Canada_%28Pantone%29.svg.png","Canada","https://en.wikipedia.org/wiki/Canada","1,617,345","1,793,327","1,828,362","1,846,595","1,805,751","1,556,508","1,527,996","1,649,266","1,725,300","1,742,015"
"https://upload.wikimedia.org/wikipedia/commons/thumb/6/6f/Flag_of_the_Central_African_Republic.svg/23px-Flag_of_the_Central_African_Republic.svg.png","Central African Republic","https://en.wikipedia.org/wiki/Central_African_Republic","2,141","2,435","2,512","1,692","1,896","1,696","1,825","2,072","2,279","2,278"
"https://upload.wikimedia.org/wikipedia/commons/thumb/4/4b/Flag_of_Chad.svg/23px-Flag_of_Chad.svg.png","Chad","https://en.wikipedia.org/wiki/Chad","10,701","12,183","12,411","12,994","14,003","10,952","10,202","10,079","11,042","10,993"
"https://upload.wikimedia.org/wikipedia/commons/thumb/7/78/Flag_of_Chile.svg/23px-Flag_of_Chile.svg.png","Chile","https://en.wikipedia.org/wiki/Chile","216,899","251,084","267,122","277,269","259,398","242,508","249,209","276,182","295,145","278,347"
"https://upload.wikimedia.org/wikipedia/commons/thumb/f/fa/Flag_of_the_People%27s_Republic_of_China.svg/23px-Flag_of_the_People%27s_Republic_of_China.svg.png","China","https://en.wikipedia.org/wiki/China","6,033,830","7,492,212","8,539,584","9,624,928","10,524,241","11,113,508","11,226,897","12,265,327","13,841,812","14,340,600"
"https://upload.wikimedia.org/wikipedia/commons/thumb/2/21/Flag_of_Colombia.svg/23px-Flag_of_Colombia.svg.png","Colombia","https://en.wikipedia.org/wiki/Colombia","286,499","334,966","370,691","382,094","381,241","293,493","282,720","311,890","334,124","323,055"
"https://upload.wikimedia.org/wikipedia/commons/thumb/9/94/Flag_of_the_Comoros.svg/23px-Flag_of_the_Comoros.svg.png","Comoros","https://en.wikipedia.org/wiki/Comoros","909","1,023","1,016","1,116","1,150","966","1,013","1,077","1,179","1,188"
"https://upload.wikimedia.org/wikipedia/commons/thumb/6/6f/Flag_of_the_Democratic_Republic_of_the_Congo.svg/20px-Flag_of_the_Democratic_Republic_of_the_Congo.svg.png","","","21,541","25,853","29,350","32,695","35,911","37,915","36,640","37,981","47,146","50,399"
"https://upload.wikimedia.org/wikipedia/commons/thumb/9/92/Flag_of_the_Republic_of_the_Congo.svg/23px-Flag_of_the_Republic_of_the_Congo.svg.png","Republic of the Congo","https://en.wikipedia.org/wiki/Republic_of_the_Congo","13,159","15,653","17,704","17,959","17,918","11,891","10,159","11,110","13,649","12,791"
"https://upload.wikimedia.org/wikipedia/commons/thumb/f/f2/Flag_of_Costa_Rica.svg/23px-Flag_of_Costa_Rica.svg.png","Costa Rica","https://en.wikipedia.org/wiki/Costa_Rica","37,656","42,762","47,231","50,949","52,017","56,442","58,847","60,517","62,422","64,412"
"https://upload.wikimedia.org/wikipedia/commons/thumb/f/fe/Flag_of_C%C3%B4te_d%27Ivoire.svg/23px-Flag_of_C%C3%B4te_d%27Ivoire.svg.png","Ivory Coast","https://en.wikipedia.org/wiki/Ivory_Coast","34,431","35,529","37,030","43,228","48,882","45,815","47,964","51,588","58,011","58,539"
"https://upload.wikimedia.org/wikipedia/commons/thumb/1/1b/Flag_of_Croatia.svg/23px-Flag_of_Croatia.svg.png","Croatia","https://en.wikipedia.org/wiki/Croatia","60,426","63,170","57,193","58,889","58,330","50,163","52,295","56,214","62,248","62,246"
"https://upload.wikimedia.org/wikipedia/commons/thumb/d/d4/Flag_of_Cyprus.svg/23px-Flag_of_Cyprus.svg.png","Cyprus","https://en.wikipedia.org/wiki/Cyprus","25,753","27,560","24,993","23,900","23,162","19,844","20,947","22,863","25,535","25,762"
"https://upload.wikimedia.org/wikipedia/commons/thumb/c/cb/Flag_of_the_Czech_Republic.svg/23px-Flag_of_the_Czech_Republic.svg.png","Czech Republic","https://en.wikipedia.org/wiki/Czech_Republic","209,070","229,563","208,858","211,686","209,359","188,033","196,272","218,629","249,001","252,548"
"https://upload.wikimedia.org/wikipedia/commons/thumb/9/9c/Flag_of_Denmark.svg/20px-Flag_of_Denmark.svg.png","Denmark","https://en.wikipedia.org/wiki/Denmark","321,995","344,003","327,149","343,584","352,994","302,673","313,116","332,121","356,841","346,499"
"https://upload.wikimedia.org/wikipedia/commons/thumb/3/34/Flag_of_Djibouti.svg/23px-Flag_of_Djibouti.svg.png","Djibouti","https://en.wikipedia.org/wiki/Djibouti","1,542","1,739","1,900","2,043","2,215","2,424","2,605","2,763","2,913","3,089"
"https://upload.wikimedia.org/wikipedia/commons/thumb/c/c4/Flag_of_Dominica.svg/23px-Flag_of_Dominica.svg.png","Dominica","https://en.wikipedia.org/wiki/Dominica","494","501","486","498","520","541","576","522","555","612"
"https://upload.wikimedia.org/wikipedia/commons/thumb/9/9f/Flag_of_the_Dominican_Republic.svg/23px-Flag_of_the_Dominican_Republic.svg.png","Dominican Republic","https://en.wikipedia.org/wiki/Dominican_Republic","53,921","58,088","60,747","62,758","67,264","71,254","75,777","80,082","85,630","89,032"
"https://upload.wikimedia.org/wikipedia/commons/thumb/e/e8/Flag_of_Ecuador.svg/23px-Flag_of_Ecuador.svg.png","Ecuador","https://en.wikipedia.org/wiki/Ecuador","69,555","79,277","87,925","95,130","101,726","99,290","99,938","104,296","107,562","108,108"
"https://upload.wikimedia.org/wikipedia/commons/thumb/f/fe/Flag_of_Egypt.svg/23px-Flag_of_Egypt.svg.png","Egypt","https://en.wikipedia.org/wiki/Egypt","230,024","247,726","278,769","288,007","309,537","340,688","345,537","246,824","263,151","317,895"
"https://upload.wikimedia.org/wikipedia/commons/thumb/3/34/Flag_of_El_Salvador.svg/23px-Flag_of_El_Salvador.svg.png","El Salvador","https://en.wikipedia.org/wiki/El_Salvador","18,448","20,284","21,386","21,991","22,593","23,438","24,191","24,979","26,021","26,881"
"https://upload.wikimedia.org/wikipedia/commons/thumb/3/31/Flag_of_Equatorial_Guinea.svg/23px-Flag_of_Equatorial_Guinea.svg.png","Equatorial Guinea","https://en.wikipedia.org/wiki/Equatorial_Guinea","16,314","21,357","22,388","21,949","21,765","13,185","11,241","12,201","13,097","11,364"
"https://upload.wikimedia.org/wikipedia/commons/thumb/2/29/Flag_of_Eritrea.svg/23px-Flag_of_Eritrea.svg.png","Eritrea","https://en.wikipedia.org/wiki/Eritrea","1,590","2,065","2,255","1,958","2,604","2,016","2,213","1,904","2,006","1,982"
"https://upload.wikimedia.org/wikipedia/commons/thumb/8/8f/Flag_of_Estonia.svg/23px-Flag_of_Estonia.svg.png","Estonia","https://en.wikipedia.org/wiki/Estonia","19,568","23,210","23,034","25,116","26,641","22,893","24,066","26,915","30,639","31,085"
"https://upload.wikimedia.org/wikipedia/commons/thumb/f/fb/Flag_of_Eswatini.svg/23px-Flag_of_Eswatini.svg.png","Eswatini","https://en.wikipedia.org/wiki/Eswatini","4,438","4,826","4,887","4,600","4,426","4,061","3,815","4,407","4,665","4,495"
"https://upload.wikimedia.org/wikipedia/commons/thumb/7/71/Flag_of_Ethiopia.svg/23px-Flag_of_Ethiopia.svg.png","Ethiopia","https://en.wikipedia.org/wiki/Ethiopia","26,887","30,480","42,221","46,544","54,165","63,081","72,120","76,841","80,207","92,608"
"https://upload.wikimedia.org/wikipedia/commons/thumb/b/ba/Flag_of_Fiji.svg/23px-Flag_of_Fiji.svg.png","Fiji","https://en.wikipedia.org/wiki/Fiji","3,402","4,094","4,303","4,539","4,857","4,682","4,930","5,353","5,581","5,482"
"https://upload.wikimedia.org/wikipedia/commons/thumb/b/bc/Flag_of_Finland.svg/23px-Flag_of_Finland.svg.png","Finland","https://en.wikipedia.org/wiki/Finland","249,628","275,556","258,454","271,366","274,934","234,558","240,705","255,558","275,833","268,545"
"https://upload.wikimedia.org/wikipedia/en/thumb/c/c3/Flag_of_France.svg/23px-Flag_of_France.svg.png","France","https://en.wikipedia.org/wiki/France","2,647,348","2,864,653","2,685,371","2,811,918","2,856,701","2,439,436","2,472,282","2,594,235","2,792,223","2,729,171"
"https://upload.wikimedia.org/wikipedia/commons/thumb/0/04/Flag_of_Gabon.svg/20px-Flag_of_Gabon.svg.png","Gabon","https://en.wikipedia.org/wiki/Gabon","14,384","18,207","17,181","17,596","18,209","14,385","14,020","14,924","16,875","16,875"
"https://upload.wikimedia.org/wikipedia/commons/thumb/7/77/Flag_of_The_Gambia.svg/23px-Flag_of_The_Gambia.svg.png","Gambia","https://en.wikipedia.org/wiki/The_Gambia","1,543","1,410","1,415","1,376","1,229","1,355","1,470","1,498","1,662","1,806"
"https://upload.wikimedia.org/wikipedia/commons/thumb/0/0f/Flag_of_Georgia.svg/23px-Flag_of_Georgia.svg.png","Georgia","https://en.wikipedia.org/wiki/Georgia_(country)","12,242","15,107","16,489","17,188","17,627","14,953","15,141","16,242","17,599","17,477"
"https://upload.wikimedia.org/wikipedia/en/thumb/b/ba/Flag_of_Germany.svg/23px-Flag_of_Germany.svg.png","Germany","https://en.wikipedia.org/wiki/Germany","3,402,444","3,748,655","3,529,377","3,733,859","3,890,095","3,357,926","3,468,896","3,689,547","3,976,246","3,888,655"
"https://upload.wikimedia.org/wikipedia/commons/thumb/1/19/Flag_of_Ghana.svg/23px-Flag_of_Ghana.svg.png","Ghana","https://en.wikipedia.org/wiki/Ghana","43,327","53,849","56,854","63,702","54,285","49,437","56,144","60,385","67,259","68,353"
"https://upload.wikimedia.org/wikipedia/commons/thumb/5/5c/Flag_of_Greece.svg/23px-Flag_of_Greece.svg.png","Greece","https://en.wikipedia.org/wiki/Greece","297,368","282,946","242,183","238,911","235,519","195,703","193,095","199,773","212,146","205,166"
"https://upload.wikimedia.org/wikipedia/commons/thumb/b/bc/Flag_of_Grenada.svg/23px-Flag_of_Grenada.svg.png","Grenada","https://en.wikipedia.org/wiki/Grenada","771","779","800","843","911","997","1,062","1,126","1,167","1,213"
"https://upload.wikimedia.org/wikipedia/commons/thumb/e/ec/Flag_of_Guatemala.svg/23px-Flag_of_Guatemala.svg.png","Guatemala","https://en.wikipedia.org/wiki/Guatemala","41,493","47,419","49,902","52,989","57,835","62,180","66,034","71,624","73,331","77,154"
"https://upload.wikimedia.org/wikipedia/commons/thumb/e/ed/Flag_of_Guinea.svg/23px-Flag_of_Guinea.svg.png","Guinea","https://en.wikipedia.org/wiki/Guinea","6,858","6,034","7,304","8,374","8,777","8,790","8,604","10,325","11,857","13,443"
"https://upload.wikimedia.org/wikipedia/commons/thumb/0/01/Flag_of_Guinea-Bissau.svg/23px-Flag_of_Guinea-Bissau.svg.png","Guinea-Bissau","https://en.wikipedia.org/wiki/Guinea-Bissau","941","1,157","1,050","1,110","1,136","1,153","1,245","1,469","1,555","1,487"
"https://upload.wikimedia.org/wikipedia/commons/thumb/9/99/Flag_of_Guyana.svg/23px-Flag_of_Guyana.svg.png","Guyana","https://en.wikipedia.org/wiki/Guyana","2,889","3,328","4,063","4,168","4,128","4,280","4,483","4,748","4,788","5,174"
"https://upload.wikimedia.org/wikipedia/commons/thumb/5/56/Flag_of_Haiti.svg/23px-Flag_of_Haiti.svg.png","Haiti","https://en.wikipedia.org/wiki/Haiti","11,852","13,009","13,709","14,904","15,137","14,831","13,996","15,036","16,454","14,787"
"https://upload.wikimedia.org/wikipedia/commons/thumb/8/82/Flag_of_Honduras.svg/23px-Flag_of_Honduras.svg.png","Honduras","https://en.wikipedia.org/wiki/Honduras","15,839","17,710","18,529","18,500","19,757","20,980","21,718","23,136","24,068","25,091"
"https://upload.wikimedia.org/wikipedia/commons/thumb/5/5b/Flag_of_Hong_Kong.svg/23px-Flag_of_Hong_Kong.svg.png","Hong Kong","https://en.wikipedia.org/wiki/Hong_Kong","228,639","248,514","262,629","275,697","291,460","309,386","320,860","341,271","361,731","363,052"
"https://upload.wikimedia.org/wikipedia/commons/thumb/c/c1/Flag_of_Hungary.svg/23px-Flag_of_Hungary.svg.png","Hungary","https://en.wikipedia.org/wiki/Hungary","131,917","141,760","128,475","135,412","140,765","125,074","128,636","143,136","160,587","163,517"
"https://upload.wikimedia.org/wikipedia/commons/thumb/c/ce/Flag_of_Iceland.svg/21px-Flag_of_Iceland.svg.png","Iceland","https://en.wikipedia.org/wiki/Iceland","13,751","15,222","14,752","16,125","17,868","17,517","20,793","24,728","26,264","24,826"
"https://upload.wikimedia.org/wikipedia/en/thumb/4/41/Flag_of_India.svg/23px-Flag_of_India.svg.png","India","https://en.wikipedia.org/wiki/India","1,708,460","1,823,052","1,827,637","1,856,721","2,039,127","2,103,588","2,294,797","2,651,474","2,702,930","2,831,553"
"https://upload.wikimedia.org/wikipedia/commons/thumb/9/9f/Flag_of_Indonesia.svg/23px-Flag_of_Indonesia.svg.png","Indonesia","https://en.wikipedia.org/wiki/Indonesia","755,256","892,590","919,002","916,646","891,051","860,741","932,066","1,015,488","1,042,711","1,119,452"
"https://upload.wikimedia.org/wikipedia/commons/thumb/c/ca/Flag_of_Iran.svg/23px-Flag_of_Iran.svg.png","Iran","https://en.wikipedia.org/wiki/Iran","517,899","625,430","421,882","428,321","460,809","408,288","458,042","486,829","516,221","651,524"
"https://upload.wikimedia.org/wikipedia/commons/thumb/f/f6/Flag_of_Iraq.svg/23px-Flag_of_Iraq.svg.png","Iraq","https://en.wikipedia.org/wiki/Iraq","138,517","185,750","218,032","234,638","234,651","177,634","167,798","192,343","223,496","233,669"
"https://upload.wikimedia.org/wikipedia/commons/thumb/4/45/Flag_of_Ireland.svg/23px-Flag_of_Ireland.svg.png","Ireland","https://en.wikipedia.org/wiki/Republic_of_Ireland","222,096","238,959","225,771","238,344","259,237","291,805","299,009","336,259","385,911","399,366"
"https://upload.wikimedia.org/wikipedia/commons/thumb/d/d4/Flag_of_Israel.svg/21px-Flag_of_Israel.svg.png","Israel","https://en.wikipedia.org/wiki/Israel","238,364","266,792","262,283","297,733","314,330","303,414","322,103","358,246","376,692","402,470"
"https://upload.wikimedia.org/wikipedia/en/thumb/0/03/Flag_of_Italy.svg/23px-Flag_of_Italy.svg.png","Italy","https://en.wikipedia.org/wiki/Italy","2,137,844","2,294,591","2,088,280","2,141,954","2,162,566","1,836,824","1,876,553","1,961,104","2,092,881","2,011,507"
"https://upload.wikimedia.org/wikipedia/commons/thumb/0/0a/Flag_of_Jamaica.svg/23px-Flag_of_Jamaica.svg.png","Jamaica","https://en.wikipedia.org/wiki/Jamaica","13,193","14,413","14,765","14,213","13,865","14,154","14,108","14,755","15,648","15,808"
"https://upload.wikimedia.org/wikipedia/en/thumb/9/9e/Flag_of_Japan.svg/23px-Flag_of_Japan.svg.png","Japan","https://en.wikipedia.org/wiki/Japan","5,759,072","6,233,147","6,272,364","5,212,328","4,896,995","4,444,931","5,003,678","4,930,837","5,040,885","5,120,310"
"https://upload.wikimedia.org/wikipedia/commons/thumb/c/c0/Flag_of_Jordan.svg/23px-Flag_of_Jordan.svg.png","Jordan","https://en.wikipedia.org/wiki/Jordan","27,134","29,524","31,679","34,503","36,900","38,642","39,949","41,467","42,993","44,566"
"https://upload.wikimedia.org/wikipedia/commons/thumb/d/d3/Flag_of_Kazakhstan.svg/23px-Flag_of_Kazakhstan.svg.png","Kazakhstan","https://en.wikipedia.org/wiki/Kazakhstan","148,047","192,626","207,999","236,635","221,416","184,388","137,289","166,806","179,340","181,667"
"https://upload.wikimedia.org/wikipedia/commons/thumb/4/49/Flag_of_Kenya.svg/23px-Flag_of_Kenya.svg.png","Kenya","https://en.wikipedia.org/wiki/Kenya","45,406","46,555","56,407","61,703","68,395","70,370","74,816","81,965","92,211","100,328"
"https://upload.wikimedia.org/wikipedia/commons/thumb/d/d3/Flag_of_Kiribati.svg/23px-Flag_of_Kiribati.svg.png","Kiribati","https://en.wikipedia.org/wiki/Kiribati","156","181","190","185","178","171","179","188","196","178"
"https://upload.wikimedia.org/wikipedia/commons/thumb/0/09/Flag_of_South_Korea.svg/23px-Flag_of_South_Korea.svg.png","South Korea","https://en.wikipedia.org/wiki/South_Korea","1,143,568","1,253,419","1,278,046","1,370,633","1,484,489","1,466,039","1,499,362","1,623,074","1,725,373","1,651,423"
"https://upload.wikimedia.org/wikipedia/commons/thumb/1/1f/Flag_of_Kosovo.svg/21px-Flag_of_Kosovo.svg.png","Kosovo","https://en.wikipedia.org/wiki/Kosovo","5,348","6,340","6,167","6,735","7,076","6,296","6,681","7,178","7,882","7,900"
"https://upload.wikimedia.org/wikipedia/commons/thumb/a/aa/Flag_of_Kuwait.svg/23px-Flag_of_Kuwait.svg.png","Kuwait","https://en.wikipedia.org/wiki/Kuwait","115,401","154,020","174,066","174,179","162,695","114,606","109,381","120,687","138,202","136,192"
"https://upload.wikimedia.org/wikipedia/commons/thumb/c/c7/Flag_of_Kyrgyzstan.svg/23px-Flag_of_Kyrgyzstan.svg.png","Kyrgyzstan","https://en.wikipedia.org/wiki/Kyrgyzstan","4,794","6,198","6,604","7,335","7,467","6,678","6,813","7,703","8,271","8,872"
"https://upload.wikimedia.org/wikipedia/commons/thumb/5/56/Flag_of_Laos.svg/23px-Flag_of_Laos.svg.png","Laos","https://en.wikipedia.org/wiki/Laos","7,506","8,964","10,194","11,972","13,266","14,418","15,905","17,055","18,131","18,791"
"https://upload.wikimedia.org/wikipedia/commons/thumb/8/84/Flag_of_Latvia.svg/23px-Flag_of_Latvia.svg.png","Latvia","https://en.wikipedia.org/wiki/Latvia","23,998","27,740","28,191","30,210","31,395","27,266","28,076","30,473","34,445","34,313"
"https://upload.wikimedia.org/wikipedia/commons/thumb/5/59/Flag_of_Lebanon.svg/23px-Flag_of_Lebanon.svg.png","Lebanon","https://en.wikipedia.org/wiki/Lebanon","38,444","39,927","44,017","46,880","48,096","49,929","51,148","53,028","54,901","50,880"
"https://upload.wikimedia.org/wikipedia/commons/thumb/4/4a/Flag_of_Lesotho.svg/23px-Flag_of_Lesotho.svg.png","Lesotho","https://en.wikipedia.org/wiki/Lesotho","2,356","2,571","2,465","2,345","2,477","2,207","2,219","2,356","2,342","2,299"
"https://upload.wikimedia.org/wikipedia/commons/thumb/b/b8/Flag_of_Liberia.svg/23px-Flag_of_Liberia.svg.png","Liberia","https://en.wikipedia.org/wiki/Liberia","1,966","2,340","2,675","3,044","3,090","3,092","3,256","3,321","3,264","3,080"
"https://upload.wikimedia.org/wikipedia/commons/thumb/0/05/Flag_of_Libya.svg/23px-Flag_of_Libya.svg.png","Libya","https://en.wikipedia.org/wiki/Libya","75,381","48,170","92,542","75,352","57,373","48,718","49,913","67,155","76,681","69,241"
"https://upload.wikimedia.org/wikipedia/commons/thumb/1/11/Flag_of_Lithuania.svg/23px-Flag_of_Lithuania.svg.png","Lithuania","https://en.wikipedia.org/wiki/Lithuania","37,195","43,584","42,952","46,537","48,611","41,440","43,035","47,742","53,775","54,703"
"https://upload.wikimedia.org/wikipedia/commons/thumb/d/da/Flag_of_Luxembourg.svg/23px-Flag_of_Luxembourg.svg.png","Luxembourg","https://en.wikipedia.org/wiki/Luxembourg","56,260","61,685","59,814","65,204","68,823","60,078","62,200","65,689","71,317","70,203"
"https://upload.wikimedia.org/wikipedia/commons/thumb/6/63/Flag_of_Macau.svg/23px-Flag_of_Macau.svg.png","Macau","https://en.wikipedia.org/wiki/Macau","28,242","36,844","43,190","51,536","54,903","45,048","45,071","50,441","55,285","55,205"
"https://upload.wikimedia.org/wikipedia/commons/thumb/b/bc/Flag_of_Madagascar.svg/23px-Flag_of_Madagascar.svg.png","Madagascar","https://en.wikipedia.org/wiki/Madagascar","9,983","11,552","11,579","12,424","12,523","11,323","11,849","13,176","13,760","14,105"
"https://upload.wikimedia.org/wikipedia/commons/thumb/d/d1/Flag_of_Malawi.svg/23px-Flag_of_Malawi.svg.png","Malawi","https://en.wikipedia.org/wiki/Malawi","9,796","11,241","8,421","7,648","8,526","9,014","7,733","8,943","9,882","11,031"
"https://upload.wikimedia.org/wikipedia/commons/thumb/6/66/Flag_of_Malaysia.svg/23px-Flag_of_Malaysia.svg.png","Malaysia","https://en.wikipedia.org/wiki/Malaysia","258,844","302,643","319,153","328,074","343,088","301,360","301,918","319,249","358,994","365,283"
"https://upload.wikimedia.org/wikipedia/commons/thumb/0/0f/Flag_of_Maldives.svg/23px-Flag_of_Maldives.svg.png","Maldives","https://en.wikipedia.org/wiki/Maldives","2,588","2,629","2,885","3,286","3,690","4,098","4,367","4,747","5,294","5,598"
"https://upload.wikimedia.org/wikipedia/commons/thumb/9/92/Flag_of_Mali.svg/23px-Flag_of_Mali.svg.png","Mali","https://en.wikipedia.org/wiki/Mali","10,698","12,993","12,450","13,243","14,369","13,106","14,022","15,360","17,079","17,281"
"https://upload.wikimedia.org/wikipedia/commons/thumb/7/73/Flag_of_Malta.svg/23px-Flag_of_Malta.svg.png","Malta","https://en.wikipedia.org/wiki/Malta","9,043","9,637","9,468","10,551","11,629","11,093","11,665","13,485","15,306","15,728"
"https://upload.wikimedia.org/wikipedia/commons/thumb/2/2e/Flag_of_the_Marshall_Islands.svg/23px-Flag_of_the_Marshall_Islands.svg.png","Marshall Islands","https://en.wikipedia.org/wiki/Marshall_Islands","160","172","181","185","182","184","201","212","222","236"
"https://upload.wikimedia.org/wikipedia/commons/thumb/4/43/Flag_of_Mauritania.svg/23px-Flag_of_Mauritania.svg.png","Mauritania","https://en.wikipedia.org/wiki/Mauritania","5,637","6,782","6,721","7,331","6,615","6,182","6,414","6,826","7,472","8,065"
"https://upload.wikimedia.org/wikipedia/commons/thumb/7/77/Flag_of_Mauritius.svg/23px-Flag_of_Mauritius.svg.png","Mauritius","https://en.wikipedia.org/wiki/Mauritius","10,004","11,518","11,669","12,130","12,803","11,692","12,232","13,259","14,182","14,046"
"https://upload.wikimedia.org/wikipedia/commons/thumb/f/fc/Flag_of_Mexico.svg/23px-Flag_of_Mexico.svg.png","Mexico","https://en.wikipedia.org/wiki/Mexico","1,057,801","1,180,487","1,201,094","1,274,444","1,315,356","1,171,870","1,078,493","1,158,912","1,222,406","1,269,010"
"https://upload.wikimedia.org/wikipedia/commons/thumb/e/e4/Flag_of_the_Federated_States_of_Micronesia.svg/23px-Flag_of_the_Federated_States_of_Micronesia.svg.png","Federated States of Micronesia","https://en.wikipedia.org/wiki/Federated_States_of_Micronesia","297","311","327","317","319","316","332","367","402","416"
"https://upload.wikimedia.org/wikipedia/commons/thumb/2/27/Flag_of_Moldova.svg/23px-Flag_of_Moldova.svg.png","Moldova","https://en.wikipedia.org/wiki/Moldova","6,977","8,417","8,708","9,496","9,510","7,726","8,072","9,515","11,252","11,737"
"https://upload.wikimedia.org/wikipedia/commons/thumb/4/4c/Flag_of_Mongolia.svg/23px-Flag_of_Mongolia.svg.png","Mongolia","https://en.wikipedia.org/wiki/Mongolia","7,185","10,410","12,278","12,582","12,227","11,620","11,154","11,481","13,207","14,206"
"https://upload.wikimedia.org/wikipedia/commons/thumb/6/64/Flag_of_Montenegro.svg/23px-Flag_of_Montenegro.svg.png","Montenegro","https://en.wikipedia.org/wiki/Montenegro","4,146","4,544","4,090","4,466","4,595","4,055","4,376","4,855","5,509","5,543"
"https://upload.wikimedia.org/wikipedia/commons/thumb/2/2c/Flag_of_Morocco.svg/23px-Flag_of_Morocco.svg.png","Morocco","https://en.wikipedia.org/wiki/Morocco","100,881","109,705","106,345","115,608","119,131","110,414","111,573","118,541","127,341","128,920"
"https://upload.wikimedia.org/wikipedia/commons/thumb/d/d0/Flag_of_Mozambique.svg/23px-Flag_of_Mozambique.svg.png","Mozambique","https://en.wikipedia.org/wiki/Mozambique","11,105","14,382","16,351","16,974","17,716","15,951","11,937","13,219","14,845","15,390"
"https://upload.wikimedia.org/wikipedia/commons/thumb/8/8c/Flag_of_Myanmar.svg/23px-Flag_of_Myanmar.svg.png","Myanmar","https://en.wikipedia.org/wiki/Myanmar","38,084","53,916","59,000","60,903","63,153","62,655","60,090","61,267","66,699","68,802"
"https://upload.wikimedia.org/wikipedia/commons/thumb/0/00/Flag_of_Namibia.svg/23px-Flag_of_Namibia.svg.png","Namibia","https://en.wikipedia.org/wiki/Namibia","11,281","12,423","13,016","12,168","12,434","11,450","10,719","12,883","13,676","12,539"
"https://upload.wikimedia.org/wikipedia/commons/thumb/3/30/Flag_of_Nauru.svg/23px-Flag_of_Nauru.svg.png","Nauru","https://en.wikipedia.org/wiki/Nauru","47","66","97","99","105","87","100","110","124","119"
"","Nepal","https://en.wikipedia.org/wiki/Nepal","18,250","21,682","21,703","22,161","22,722","24,361","24,524","28,972","33,112","34,186"
"https://upload.wikimedia.org/wikipedia/commons/thumb/2/20/Flag_of_the_Netherlands.svg/23px-Flag_of_the_Netherlands.svg.png","Netherlands","https://en.wikipedia.org/wiki/Netherlands","848,073","905,111","839,455","877,186","892,398","765,650","783,844","833,575","914,458","910,295"
"https://upload.wikimedia.org/wikipedia/commons/thumb/3/3e/Flag_of_New_Zealand.svg/23px-Flag_of_New_Zealand.svg.png","New Zealand","https://en.wikipedia.org/wiki/New_Zealand","145,363","166,943","175,031","187,145","200,147","176,275","185,953","203,645","209,640","211,105"
"https://upload.wikimedia.org/wikipedia/commons/thumb/1/19/Flag_of_Nicaragua.svg/23px-Flag_of_Nicaragua.svg.png","Nicaragua","https://en.wikipedia.org/wiki/Nicaragua","8,759","9,774","10,532","10,983","11,880","12,757","13,286","13,786","13,025","12,611"
"https://upload.wikimedia.org/wikipedia/commons/thumb/f/f4/Flag_of_Niger.svg/18px-Flag_of_Niger.svg.png","Niger","https://en.wikipedia.org/wiki/Niger","7,838","8,754","9,412","10,206","10,830","9,684","10,350","11,185","12,850","12,912"
"https://upload.wikimedia.org/wikipedia/commons/thumb/7/79/Flag_of_Nigeria.svg/23px-Flag_of_Nigeria.svg.png","Nigeria","https://en.wikipedia.org/wiki/Nigeria","369,062","414,095","460,952","514,966","568,499","492,437","404,649","375,745","421,737","448,120"
"https://upload.wikimedia.org/wikipedia/commons/thumb/7/79/Flag_of_North_Macedonia.svg/23px-Flag_of_North_Macedonia.svg.png","North Macedonia","https://en.wikipedia.org/wiki/North_Macedonia","9,415","10,499","9,751","10,824","11,378","10,067","10,686","11,336","12,694","12,609"
"https://upload.wikimedia.org/wikipedia/commons/thumb/d/d9/Flag_of_Norway.svg/21px-Flag_of_Norway.svg.png","Norway","https://en.wikipedia.org/wiki/Norway","428,757","498,283","509,506","522,762","498,410","385,802","368,827","398,394","437,000","404,941"
"https://upload.wikimedia.org/wikipedia/commons/thumb/d/dd/Flag_of_Oman.svg/23px-Flag_of_Oman.svg.png","Oman","https://en.wikipedia.org/wiki/Oman","64,994","77,497","87,409","89,936","92,699","78,711","75,129","80,857","91,505","88,061"
"https://upload.wikimedia.org/wikipedia/commons/thumb/3/32/Flag_of_Pakistan.svg/23px-Flag_of_Pakistan.svg.png","Pakistan","https://en.wikipedia.org/wiki/Pakistan","199,405","240,385","252,534","260,257","275,063","304,481","313,623","339,229","356,163","321,071"
"https://upload.wikimedia.org/wikipedia/commons/thumb/4/48/Flag_of_Palau.svg/23px-Flag_of_Palau.svg.png","Palau","https://en.wikipedia.org/wiki/Palau","182","193","211","222","241","288","298","286","285","279"
"https://upload.wikimedia.org/wikipedia/commons/thumb/a/ab/Flag_of_Panama.svg/23px-Flag_of_Panama.svg.png","Panama","https://en.wikipedia.org/wiki/Panama","29,440","34,686","40,430","45,600","49,921","54,092","57,908","62,203","64,929","66,984"
"https://upload.wikimedia.org/wikipedia/commons/thumb/e/e3/Flag_of_Papua_New_Guinea.svg/20px-Flag_of_Papua_New_Guinea.svg.png","Papua New Guinea","https://en.wikipedia.org/wiki/Papua_New_Guinea","14,251","17,985","21,295","21,261","23,211","21,723","20,759","22,743","24,110","24,751"
"https://upload.wikimedia.org/wikipedia/commons/thumb/2/27/Flag_of_Paraguay.svg/23px-Flag_of_Paraguay.svg.png","Paraguay","https://en.wikipedia.org/wiki/Paraguay","27,129","33,737","33,296","38,651","40,378","36,211","36,090","38,997","40,225","37,907"
"https://upload.wikimedia.org/wikipedia/commons/thumb/c/cf/Flag_of_Peru.svg/23px-Flag_of_Peru.svg.png","Peru","https://en.wikipedia.org/wiki/Peru","148,945","170,923","193,100","202,584","202,880","192,025","195,463","215,681","226,795","232,345"
"https://upload.wikimedia.org/wikipedia/commons/thumb/9/99/Flag_of_the_Philippines.svg/23px-Flag_of_the_Philippines.svg.png","Philippines","https://en.wikipedia.org/wiki/Philippines","208,369","234,217","261,920","283,903","297,484","306,446","318,627","328,481","346,842","376,823"
"https://upload.wikimedia.org/wikipedia/en/thumb/1/12/Flag_of_Poland.svg/23px-Flag_of_Poland.svg.png","Poland","https://en.wikipedia.org/wiki/Poland","479,834","528,292","498,517","521,013","542,602","477,488","472,256","526,643","587,433","597,194"
"https://upload.wikimedia.org/wikipedia/commons/thumb/5/5c/Flag_of_Portugal.svg/23px-Flag_of_Portugal.svg.png","Portugal","https://en.wikipedia.org/wiki/Portugal","238,308","245,075","216,361","226,437","229,961","199,414","206,369","221,280","242,423","240,013"
"https://upload.wikimedia.org/wikipedia/commons/thumb/2/28/Flag_of_Puerto_Rico.svg/23px-Flag_of_Puerto_Rico.svg.png","Puerto Rico","https://en.wikipedia.org/wiki/Puerto_Rico","98,381","100,352","101,565","102,450","102,446","103,376","104,337","103,446","104,925","104,915"
"https://upload.wikimedia.org/wikipedia/commons/thumb/6/65/Flag_of_Qatar.svg/23px-Flag_of_Qatar.svg.png","Qatar","https://en.wikipedia.org/wiki/Qatar","119,707","167,775","186,834","198,728","206,225","161,740","151,732","161,099","183,335","176,371"
"https://upload.wikimedia.org/wikipedia/commons/thumb/7/73/Flag_of_Romania.svg/23px-Flag_of_Romania.svg.png","Romania","https://en.wikipedia.org/wiki/Romania","166,309","183,326","170,636","190,800","199,961","177,731","188,130","211,696","241,456","249,880"
"https://upload.wikimedia.org/wikipedia/en/thumb/f/f3/Flag_of_Russia.svg/23px-Flag_of_Russia.svg.png","Russia","https://en.wikipedia.org/wiki/Russia","1,633,111","2,046,621","2,191,484","2,288,428","2,048,836","1,356,704","1,280,648","1,575,140","1,653,006","1,695,724"
"https://upload.wikimedia.org/wikipedia/commons/thumb/1/17/Flag_of_Rwanda.svg/23px-Flag_of_Rwanda.svg.png","Rwanda","https://en.wikipedia.org/wiki/Rwanda","6,122","6,881","7,651","7,816","8,235","8,542","8,691","9,253","9,643","10,355"
"https://upload.wikimedia.org/wikipedia/commons/thumb/3/31/Flag_of_Samoa.svg/23px-Flag_of_Samoa.svg.png","Samoa","https://en.wikipedia.org/wiki/Samoa","680","744","773","798","797","824","844","885","878","913"
"https://upload.wikimedia.org/wikipedia/commons/thumb/b/b1/Flag_of_San_Marino.svg/20px-Flag_of_San_Marino.svg.png","San Marino","https://en.wikipedia.org/wiki/San_Marino","1,883","1,813","1,606","1,678","1,674","1,420","1,468","1,528","1,656","1,616"
"https://upload.wikimedia.org/wikipedia/commons/thumb/4/4f/Flag_of_Sao_Tome_and_Principe.svg/23px-Flag_of_Sao_Tome_and_Principe.svg.png","São Tomé and Príncipe","https://en.wikipedia.org/wiki/S%C3%A3o_Tom%C3%A9_and_Pr%C3%ADncipe","197","233","253","303","349","318","348","376","416","431"
"https://upload.wikimedia.org/wikipedia/commons/thumb/0/0d/Flag_of_Saudi_Arabia.svg/23px-Flag_of_Saudi_Arabia.svg.png","Saudi Arabia","https://en.wikipedia.org/wiki/Saudi_Arabia","528,207","671,239","735,975","746,647","756,350","654,270","644,935","688,586","816,578","803,616"
"https://upload.wikimedia.org/wikipedia/commons/thumb/f/fd/Flag_of_Senegal.svg/23px-Flag_of_Senegal.svg.png","Senegal","https://en.wikipedia.org/wiki/Senegal","16,134","17,811","17,672","18,919","19,802","17,777","19,035","20,989","23,127","23,405"
"https://upload.wikimedia.org/wikipedia/commons/thumb/f/ff/Flag_of_Serbia.svg/23px-Flag_of_Serbia.svg.png","Serbia","https://en.wikipedia.org/wiki/Serbia","41,369","49,280","43,300","48,394","47,062","39,656","40,693","44,179","50,641","51,514"
"https://upload.wikimedia.org/wikipedia/commons/thumb/f/fc/Flag_of_Seychelles.svg/23px-Flag_of_Seychelles.svg.png","Seychelles","https://en.wikipedia.org/wiki/Seychelles","970","1,018","1,060","1,328","1,388","1,416","1,490","1,573","1,629","1,683"
"https://upload.wikimedia.org/wikipedia/commons/thumb/1/17/Flag_of_Sierra_Leone.svg/23px-Flag_of_Sierra_Leone.svg.png","Sierra Leone","https://en.wikipedia.org/wiki/Sierra_Leone","2,578","2,942","3,802","4,916","5,007","4,252","3,855","3,713","4,085","4,074"
"https://upload.wikimedia.org/wikipedia/commons/thumb/4/48/Flag_of_Singapore.svg/23px-Flag_of_Singapore.svg.png","Singapore","https://en.wikipedia.org/wiki/Singapore","239,808","279,357","295,093","307,576","314,864","307,999","318,822","343,187","376,987","375,484"
"https://upload.wikimedia.org/wikipedia/commons/thumb/e/e6/Flag_of_Slovakia.svg/23px-Flag_of_Slovakia.svg.png","Slovakia","https://en.wikipedia.org/wiki/Slovakia","90,875","99,475","94,313","98,571","101,115","88,646","89,650","95,360","105,661","105,296"
"https://upload.wikimedia.org/wikipedia/commons/thumb/f/f0/Flag_of_Slovenia.svg/23px-Flag_of_Slovenia.svg.png","Slovenia","https://en.wikipedia.org/wiki/Slovenia","48,248","51,575","46,607","48,416","50,010","43,112","44,754","48,572","54,202","54,338"
"https://upload.wikimedia.org/wikipedia/commons/thumb/7/74/Flag_of_the_Solomon_Islands.svg/23px-Flag_of_the_Solomon_Islands.svg.png","Solomon Islands","https://en.wikipedia.org/wiki/Solomon_Islands","847","1,050","1,185","1,286","1,336","1,308","1,379","1,470","1,615","1,619"
"https://upload.wikimedia.org/wikipedia/commons/thumb/a/a0/Flag_of_Somalia.svg/23px-Flag_of_Somalia.svg.png","Somalia","https://en.wikipedia.org/wiki/Somalia","3,917","4,042","4,577","5,025","5,335","5,534","5,609","5,856","6,485",""
"https://upload.wikimedia.org/wikipedia/commons/thumb/a/af/Flag_of_South_Africa.svg/23px-Flag_of_South_Africa.svg.png","South Africa","https://en.wikipedia.org/wiki/South_Africa","417,315","458,708","434,400","400,877","381,195","346,663","323,493","381,317","403,991","388,446"
"https://upload.wikimedia.org/wikipedia/commons/thumb/7/7a/Flag_of_South_Sudan.svg/23px-Flag_of_South_Sudan.svg.png","South Sudan","https://en.wikipedia.org/wiki/South_Sudan","17,186","11,267","14,947","15,383","14,801","3,501","3,495","4,659","5,319",""
"https://upload.wikimedia.org/wikipedia/en/thumb/9/9a/Flag_of_Spain.svg/23px-Flag_of_Spain.svg.png","Spain","https://en.wikipedia.org/wiki/Spain","1,423,270","1,480,450","1,325,583","1,355,162","1,371,576","1,195,721","1,232,573","1,312,076","1,421,639","1,393,200"
"https://upload.wikimedia.org/wikipedia/commons/thumb/1/11/Flag_of_Sri_Lanka.svg/23px-Flag_of_Sri_Lanka.svg.png","Sri Lanka","https://en.wikipedia.org/wiki/Sri_Lanka","58,643","67,725","70,392","76,934","82,483","85,091","88,000","94,376","94,484","89,015"
"https://upload.wikimedia.org/wikipedia/commons/thumb/f/fe/Flag_of_Saint_Kitts_and_Nevis.svg/23px-Flag_of_Saint_Kitts_and_Nevis.svg.png","Saint Kitts and Nevis","https://en.wikipedia.org/wiki/Saint_Kitts_and_Nevis","779","836","826","875","954","958","1,009","1,061","1,079","1,165"
"https://upload.wikimedia.org/wikipedia/commons/thumb/9/9f/Flag_of_Saint_Lucia.svg/23px-Flag_of_Saint_Lucia.svg.png","Saint Lucia","https://en.wikipedia.org/wiki/Saint_Lucia","1,482","1,568","1,598","1,660","1,749","1,807","1,865","1,997","2,057","2,094"
"https://upload.wikimedia.org/wikipedia/commons/thumb/6/6d/Flag_of_Saint_Vincent_and_the_Grenadines.svg/23px-Flag_of_Saint_Vincent_and_the_Grenadines.svg.png","Saint Vincent and the Grenadines","https://en.wikipedia.org/wiki/Saint_Vincent_and_the_Grenadines","720","714","730","765","771","787","814","848","884","910"
"https://upload.wikimedia.org/wikipedia/commons/thumb/0/01/Flag_of_Sudan.svg/23px-Flag_of_Sudan.svg.png","Sudan","https://en.wikipedia.org/wiki/Sudan","65,716","66,448","48,948","52,892","60,726","64,534","64,888","48,906","33,432","33,564"
"https://upload.wikimedia.org/wikipedia/commons/thumb/6/60/Flag_of_Suriname.svg/23px-Flag_of_Suriname.svg.png","Suriname","https://en.wikipedia.org/wiki/Suriname","4,677","4,735","5,332","5,510","5,612","5,126","3,317","3,592","3,996","3,984"
"https://upload.wikimedia.org/wikipedia/en/thumb/4/4c/Flag_of_Sweden.svg/23px-Flag_of_Sweden.svg.png","Sweden","https://en.wikipedia.org/wiki/Sweden","495,813","574,094","552,484","586,842","581,964","505,104","515,655","541,019","555,455","533,880"
"https://upload.wikimedia.org/wikipedia/commons/thumb/0/08/Flag_of_Switzerland_%28Pantone%29.svg/16px-Flag_of_Switzerland_%28Pantone%29.svg.png","Switzerland","https://en.wikipedia.org/wiki/Switzerland","598,199","715,671","686,362","706,414","726,660","693,882","687,567","695,293","725,788","721,851"
"https://upload.wikimedia.org/wikipedia/commons/thumb/5/53/Flag_of_Syria.svg/23px-Flag_of_Syria.svg.png","Syria","https://en.wikipedia.org/wiki/Syria","60,043","","","","","","","","",""
"https://upload.wikimedia.org/wikipedia/commons/thumb/7/72/Flag_of_the_Republic_of_China.svg/23px-Flag_of_the_Republic_of_China.svg.png","Taiwan","https://en.wikipedia.org/wiki/Taiwan","444,281","483,974","495,610","512,943","535,328","534,515","543,081","590,733","609,198","611,396"
"https://upload.wikimedia.org/wikipedia/commons/thumb/d/d0/Flag_of_Tajikistan.svg/23px-Flag_of_Tajikistan.svg.png","Tajikistan","https://en.wikipedia.org/wiki/Tajikistan","5,642","6,523","7,592","8,506","9,242","7,857","6,994","7,535","7,762","8,301"
"https://upload.wikimedia.org/wikipedia/commons/thumb/3/38/Flag_of_Tanzania.svg/23px-Flag_of_Tanzania.svg.png","Tanzania","https://en.wikipedia.org/wiki/Tanzania","31,533","34,067","39,651","45,681","50,002","47,384","49,774","53,227","56,699","60,810"
"https://upload.wikimedia.org/wikipedia/commons/thumb/a/a9/Flag_of_Thailand.svg/23px-Flag_of_Thailand.svg.png","Thailand","https://en.wikipedia.org/wiki/Thailand","340,928","370,929","397,722","420,364","407,373","401,142","413,497","456,523","506,547","544,027"
"https://upload.wikimedia.org/wikipedia/commons/thumb/2/26/Flag_of_East_Timor.svg/23px-Flag_of_East_Timor.svg.png","Timor-Leste","https://en.wikipedia.org/wiki/East_Timor","882","1,042","1,160","1,396","1,447","1,594","1,651","1,616","1,584","2,048"
"https://upload.wikimedia.org/wikipedia/commons/thumb/6/68/Flag_of_Togo.svg/23px-Flag_of_Togo.svg.png","Togo","https://en.wikipedia.org/wiki/Togo","4,630","5,223","5,229","5,831","6,174","5,641","6,030","6,393","7,115","7,221"
"https://upload.wikimedia.org/wikipedia/commons/thumb/9/9a/Flag_of_Tonga.svg/23px-Flag_of_Tonga.svg.png","Tonga","https://en.wikipedia.org/wiki/Tonga","367","415","471","451","440","437","421","460","481","511"
"https://upload.wikimedia.org/wikipedia/commons/thumb/6/64/Flag_of_Trinidad_and_Tobago.svg/23px-Flag_of_Trinidad_and_Tobago.svg.png","Trinidad and Tobago","https://en.wikipedia.org/wiki/Trinidad_and_Tobago","22,522","25,789","25,782","27,294","27,643","25,192","22,382","23,180","23,821","23,886"
"https://upload.wikimedia.org/wikipedia/commons/thumb/c/ce/Flag_of_Tunisia.svg/23px-Flag_of_Tunisia.svg.png","Tunisia","https://en.wikipedia.org/wiki/Tunisia","46,210","48,122","47,311","48,681","50,273","45,779","44,360","42,167","42,687","41,772"
"https://upload.wikimedia.org/wikipedia/commons/thumb/b/b4/Flag_of_Turkey.svg/23px-Flag_of_Turkey.svg.png","Turkey","https://en.wikipedia.org/wiki/Turkey","776,558","838,508","880,141","957,504","938,512","864,071","869,280","858,932","779,694","759,450"
"https://upload.wikimedia.org/wikipedia/commons/thumb/1/1b/Flag_of_Turkmenistan.svg/23px-Flag_of_Turkmenistan.svg.png","Turkmenistan","https://en.wikipedia.org/wiki/Turkmenistan","34,788","44,070","49,858","51,301","55,523","44,060","41,698","46,365","48,686","52,961"
"https://upload.wikimedia.org/wikipedia/commons/thumb/3/38/Flag_of_Tuvalu.svg/23px-Flag_of_Tuvalu.svg.png","Tuvalu","https://en.wikipedia.org/wiki/Tuvalu","32","40","39","39","39","37","41","45","48","54"
"https://upload.wikimedia.org/wikipedia/commons/thumb/4/4e/Flag_of_Uganda.svg/23px-Flag_of_Uganda.svg.png","Uganda","https://en.wikipedia.org/wiki/Uganda","24,683","27,501","30,939","32,331","33,122","27,650","29,596","31,403","34,182","38,059"
"https://upload.wikimedia.org/wikipedia/commons/thumb/4/49/Flag_of_Ukraine.svg/23px-Flag_of_Ukraine.svg.png","Ukraine","https://en.wikipedia.org/wiki/Ukraine","136,011","163,161","175,707","179,574","130,571","90,477","93,313","112,114","130,916","153,997"
"https://upload.wikimedia.org/wikipedia/commons/thumb/c/cb/Flag_of_the_United_Arab_Emirates.svg/23px-Flag_of_the_United_Arab_Emirates.svg.png","United Arab Emirates","https://en.wikipedia.org/wiki/United_Arab_Emirates","289,787","350,666","374,591","390,108","403,137","358,135","357,045","385,605","422,215","417,216"
"https://upload.wikimedia.org/wikipedia/en/thumb/a/ae/Flag_of_the_United_Kingdom.svg/23px-Flag_of_the_United_Kingdom.svg.png","United Kingdom","https://en.wikipedia.org/wiki/United_Kingdom","2,493,557","2,675,808","2,719,642","2,805,115","3,088,773","2,957,227","2,732,956","2,701,268","2,904,513","2,880,357"
"https://upload.wikimedia.org/wikipedia/en/thumb/a/a4/Flag_of_the_United_States.svg/23px-Flag_of_the_United_States.svg.png","United States","https://en.wikipedia.org/wiki/United_States","15,048,975","15,599,725","16,253,950","16,843,225","17,550,675","18,206,025","18,695,100","19,479,625","20,527,150","21,372,600"
"https://upload.wikimedia.org/wikipedia/commons/thumb/f/fe/Flag_of_Uruguay.svg/23px-Flag_of_Uruguay.svg.png","Uruguay","https://en.wikipedia.org/wiki/Uruguay","43,816","52,319","55,556","62,094","61,851","57,435","57,246","64,385","64,296","61,017"
"https://upload.wikimedia.org/wikipedia/commons/thumb/8/84/Flag_of_Uzbekistan.svg/23px-Flag_of_Uzbekistan.svg.png","Uzbekistan","https://en.wikipedia.org/wiki/Uzbekistan","49,772","60,213","67,520","73,192","80,848","85,662","85,658","61,018","52,618","59,907"
"https://upload.wikimedia.org/wikipedia/commons/thumb/b/bc/Flag_of_Vanuatu.svg/23px-Flag_of_Vanuatu.svg.png","Vanuatu","https://en.wikipedia.org/wiki/Vanuatu","652","738","736","755","774","744","775","880","929","930"
"https://upload.wikimedia.org/wikipedia/commons/thumb/0/06/Flag_of_Venezuela.svg/23px-Flag_of_Venezuela.svg.png","Venezuela","https://en.wikipedia.org/wiki/Venezuela","318,281","316,482","372,750","258,986","214,869","125,446","112,912","115,883","102,084","74,418"
"https://upload.wikimedia.org/wikipedia/commons/thumb/2/21/Flag_of_Vietnam.svg/23px-Flag_of_Vietnam.svg.png","Vietnam","https://en.wikipedia.org/wiki/Vietnam","143,212","171,312","195,169","212,728","232,888","236,795","252,146","277,071","303,091","327,873"
"https://upload.wikimedia.org/wikipedia/commons/thumb/0/00/Flag_of_Palestine.svg/23px-Flag_of_Palestine.svg.png","Palestine","https://en.wikipedia.org/wiki/State_of_Palestine","9,682","11,186","12,208","13,516","13,990","13,972","15,405","16,128","16,277","17,134"
"https://upload.wikimedia.org/wikipedia/commons/thumb/8/89/Flag_of_Yemen.svg/23px-Flag_of_Yemen.svg.png","Yemen","https://en.wikipedia.org/wiki/Yemen","30,907","32,726","35,401","40,415","43,229","42,444","31,318","26,842","21,606","21,888"
"https://upload.wikimedia.org/wikipedia/commons/thumb/0/06/Flag_of_Zambia.svg/23px-Flag_of_Zambia.svg.png","Zambia","https://en.wikipedia.org/wiki/Zambia","20,264","23,455","25,502","28,042","27,145","21,245","20,965","25,874","26,312","23,309"
"https://upload.wikimedia.org/wikipedia/commons/thumb/6/6a/Flag_of_Zimbabwe.svg/23px-Flag_of_Zimbabwe.svg.png","Zimbabwe","https://en.wikipedia.org/wiki/Zimbabwe","12,042","14,100","17,116","19,093","19,499","19,969","20,555","21,385","36,945","22,995"